seed,episode,step,action1,action1_name,action2,action2_name,map,reward,result,button_pressed,pressed_by,agent1_beliefs,agent1_policies,agent2_beliefs,agent2_policies
0,1,1,1,DOWN,2,LEFT,1r.|...|.b2,0.0,neutral,,,"{""agent_pos"": [1.0, 9.66698232323226e-20, 9.66698232323226e-20, 9.66698232323226e-20, 9.66698232323226e-20, 9.66698232323226e-20, 9.66698232323226e-20, 9.66698232323226e-20, 9.66698232323226e-20], ""red_button_pos"": [1.0101010101009994e-32, 0.125, 0.125, 0.125, 0.125, 0.125, 0.125, 0.125, 0.125], ""blue_button_pos"": [1.0101010101009994e-32, 0.125, 0.125, 0.125, 0.125, 0.125, 0.125, 0.125, 0.125], ""red_button_state"": [1.0, 1.0101010101010082e-32], ""blue_button_state"": [1.0, 1.0101010101010082e-32]}","[0.0037644861436661593, 0.014357874319874713, 0.0037644861436661663, 0.01435787431987474, 0.004042810240538342, 0.0027506309900751378, 0.014985655492309721, 0.054537181540952995, 0.0536429816905912, 0.057155784335011804, 0.20519289600768115, 0.0416455066570398, 0.0037644861436661593, 0.014357874319874713, 0.0037644861436661663, 0.01435787431987474, 0.004042810240538342, 0.0027506309900751378, 0.0536429816905912, 0.057155784335011305, 0.014985655492309695, 0.05453718154095343, 0.20519289600767585, 0.04164550665703987, 0.0037644861436661593, 0.014357874319874713, 0.0037644861436661663, 0.01435787431987474, 0.004042810240538342, 0.0027506309900751378, 0.001456667528462518, 0.0056189318753171605, 0.0014566675284625192, 0.005618931875317171, 0.0014763693214633552, 0.000937933950723445]","{""agent_pos"": [9.66698232323226e-20, 9.66698232323226e-20, 9.66698232323226e-20, 9.66698232323226e-20, 9.66698232323226e-20, 9.66698232323226e-20, 9.66698232323226e-20, 9.66698232323226e-20, 1.0], ""red_button_pos"": [0.125, 0.125, 0.125, 0.125, 0.125, 0.125, 0.125, 0.125, 1.0101010101009994e-32], ""blue_button_pos"": [0.125, 0.125, 0.125, 0.125, 0.125, 0.125, 0.125, 0.125, 1.0101010101009994e-32], ""red_button_state"": [1.0, 1.0101010101010082e-32], ""blue_button_state"": [1.0, 1.0101010101010082e-32]}","[0.054537181540953175, 0.014985655492309362, 0.05715578433501098, 0.05364298169058975, 0.20519289600768106, 0.041645506657038714, 0.01435787431987456, 0.0037644861436660912, 0.014357874319874543, 0.0037644861436660843, 0.004042810240538215, 0.0027506309900750805, 0.05715578433501138, 0.05364298169058975, 0.05453718154095279, 0.01498565549230939, 0.20519289600768562, 0.04164550665703868, 0.01435787431987456, 0.0037644861436660912, 0.014357874319874543, 0.0037644861436660843, 0.004042810240538215, 0.0027506309900750805, 0.01435787431987456, 0.0037644861436660912, 0.014357874319874543, 0.0037644861436660843, 0.004042810240538215, 0.0027506309900750805, 0.005618931875316967, 0.001456667528462476, 0.005618931875316957, 0.0014566675284624745, 0.0014763693214633155, 0.0009379339507234239]"
0,1,2,3,RIGHT,0,UP,.r.|1..|.2.,0.0,neutral,,,"{""agent_pos"": [8.282616724589176e-06, 6.105514089302449e-06, 6.105514089302449e-06, 0.9999489787846502, 6.105514089302449e-06, 6.105514089302449e-06, 6.105514089302449e-06, 6.105514089302449e-06, 6.105514089302449e-06], ""red_button_pos"": [0.0014283163720764161, 0.14265309766113193, 0.14265309766113193, 1.4409403804154665e-17, 0.14265309766113193, 0.14265309766113193, 0.14265309766113193, 0.14265309766113193, 0.14265309766113202], ""blue_button_pos"": [0.0014283163720764161, 0.14265309766113193, 0.14265309766113193, 1.4409403804154665e-17, 0.14265309766113193, 0.14265309766113193, 0.14265309766113193, 0.14265309766113193, 0.14265309766113202], ""red_button_state"": [1.0, 1.0101010101010082e-32], ""blue_button_state"": [1.0, 1.0101010101010082e-32]}","[0.003111072655245347, 0.0032271022159762073, 0.003082314418358407, 0.013086826996410823, 0.0033433020164779625, 0.0022830965035409777, 0.013819338253816838, 0.05396324392465507, 0.052536484419582, 0.057065755510425135, 0.22559657525918952, 0.04150439755549916, 0.003009499723357662, 0.011971746658641287, 0.0028983218960516766, 0.01266060691395327, 0.0031436305695283218, 0.0021438252521185958, 0.05302332752536909, 0.05397060391853121, 0.013066604331152504, 0.05445240995813955, 0.22562600658308, 0.041509853500678456, 0.00301004615489241, 0.011973718376241246, 0.0028987380571329677, 0.012661962017175244, 0.003144057042145183, 0.0021441340298748468, 0.0011725789432456939, 0.004905970384807956, 0.0011360419798349835, 0.004968235660128107, 0.0011537679629854932, 0.0007348028317568215]","{""agent_pos"": [6.645401382243497e-19, 6.645401382243497e-19, 6.645401382243497e-19, 6.645401382243497e-19, 6.645401382243497e-19, 6.645401382243497e-19, 6.645401382243497e-19, 1.0, 6.645401382243497e-19], ""red_button_pos"": [0.14265309766113193, 0.14265309766113193, 0.14265309766113193, 0.14265309766113193, 0.14265309766113193, 0.14265309766113193, 0.14265309766113193, 1.4409403804154764e-17, 0.0014283163720764155], ""blue_button_pos"": [1.0101010101010038e-16, 1.0101010101010038e-16, 1.0101010101010038e-16, 1.0101010101010038e-16, 1.0101010101010038e-16, 1.0101010101010038e-16, 1.0101010101010038e-16, 0.9999999999999993, 1.0113652166217797e-18], ""red_button_state"": [1.0, 1.0101010101010082e-32], ""blue_button_state"": [1.0, 1.0101010101010082e-32]}","[0.056141704746697774, 0.033339829303806766, 0.05603161773169561, 0.055539228391528125, 0.13037330063625807, 0.04288953398826822, 0.028962411804266758, 0.016411367244336054, 0.02758128865957067, 0.01383626425969217, 0.005824926560658336, 0.012351570863921277, 0.0588373809082887, 0.055400910194827166, 0.056031617731695516, 0.03508891270357347, 0.13037330063625713, 0.042889533988268114, 0.028191177083921045, 0.013433797710722725, 0.016965182364738075, 0.013467820931523615, 0.01440653288491318, 0.010069284675347248, 0.0014334151559770223, 0.0008122356210290032, 0.0013650602530339516, 0.0006847879598557557, 0.0005315929022083234, 0.0006113071313301577, 0.011211678269989965, 0.006468057810088437, 0.011087951089637576, 0.005423338050667678, 0.0016819891475383325, 0.004250090603867899]"
0,1,3,3,RIGHT,0,UP,.r.|.1.|.2.,0.0,neutral,,,"{""agent_pos"": [8.255259857755703e-06, 5.7863317883970896e-06, 5.7897598958515814e-06, 8.282552399586427e-06, 0.9999487430403086, 5.7897598958515814e-06, 5.7791040067686475e-06, 5.784431951310118e-06, 5.789759895851571e-06], ""red_button_pos"": [0.003103931889914371, 0.16590644750844996, 0.16590644750844996, 0.0014573830593855796, 1.6758227021055472e-17, 0.16590644750844996, 0.16590644750844996, 0.16590644750845002, 0.16590644750845013], ""blue_button_pos"": [0.003103931889914371, 0.16590644750844996, 0.16590644750844996, 0.0014573830593855796, 1.6758227021055472e-17, 0.16590644750844996, 0.16590644750844996, 0.16590644750845002, 0.16590644750845013], ""red_button_state"": [1.0, 1.0101010101010082e-32], ""blue_button_state"": [1.0, 1.0101010101010082e-32]}","[0.03657400914088763, 0.008451478002333762, 0.008309011276719395, 0.03764172481875916, 0.17729331460914288, 0.0289116827116674, 0.008287794661992741, 0.03728174853088257, 0.03621659204365202, 0.03764238934221204, 0.17730286474362267, 0.02891290513577979, 0.00165855183061492, 0.0073672116607397834, 0.0015927445129121144, 0.0016870222266445075, 0.0017300927149023716, 0.0011845348885685572, 0.03657495362729054, 0.03728062575530452, 0.008205640162821746, 0.03764348715930877, 0.17730680911497942, 0.028913409717278606, 0.006988733010888076, 0.007123744684575189, 0.00154003904071681, 0.007192995712933467, 0.001625025067723262, 0.001111065717065185, 0.0029426334404737673, 0.0029538177670361413, 0.0006087795408607955, 0.002959500954680846, 0.000599949086187041, 0.0003831175878414804]","{""agent_pos"": [1.0101010101009955e-16, 1.0101010101009955e-16, 1.0101010101009955e-16, 1.0101010101009955e-16, 1.5353535353535076e-14, 1.0101010101009955e-16, 1.0101010101009955e-16, 0.999999999999984, 1.0101010101009955e-16], ""red_button_pos"": [0.14247634574462498, 0.14247634574462498, 0.14247634574462498, 0.14247634574462498, 0.14247634574462498, 0.14247634574462498, 0.14247634574462498, 1.264206520777249e-19, 0.002665579787625087], ""blue_button_pos"": [1.275380063258949e-19, 1.275380063258949e-19, 1.275380063258949e-19, 1.275380063258949e-19, 1.275380063258949e-19, 1.275380063258949e-19, 1.275380063258949e-19, 1.0, 1.2753800632588495e-19], ""red_button_state"": [1.0, 1.0101010101010082e-32], ""blue_button_state"": [1.0, 1.0101010101010082e-32]}","[0.05601264748962359, 0.03328793323059007, 0.05590301994048508, 0.05541954218787329, 0.1300066842178898, 0.04279153026845557, 0.028913774496329234, 0.016395995271737837, 0.02753507237204428, 0.0139841720264196, 0.005818977466158162, 0.012338488237531166, 0.058702126886873096, 0.05528173248441409, 0.055903019940484786, 0.03503414800233701, 0.1300066842178891, 0.042791530268455384, 0.028515959660717457, 0.013756990787589686, 0.01717057003034498, 0.013791768537329736, 0.01475185585812818, 0.010315970486176608, 0.001431007985787082, 0.0008114748273962274, 0.0013627729046106977, 0.0006921082492003268, 0.0005310499775247726, 0.0006106596426104774, 0.01119224003569729, 0.0064609640259851294, 0.011068735540338747, 0.005483487478127816, 0.0016801160075823323, 0.004245188959261251]"
0,1,4,1,DOWN,0,UP,.r.|.21|.b.,0.0,neutral,,,"{""agent_pos"": [8.22095928189286e-06, 5.349283811849164e-06, 5.3519628471747405e-06, 8.253226126476094e-06, 8.29219648938766e-06, 0.999948490499927, 5.342623994690003e-06, 5.347286207229894e-06, 5.3519613145073505e-06], ""red_button_pos"": [0.005174267297646128, 0.19802086948620168, 0.19802086948620168, 0.0032238591844875536, 0.0014975260868577726, 2.0002108028909168e-17, 0.19802086948620168, 0.19802086948620176, 0.19802086948620187], ""blue_button_pos"": [0.005174267297646128, 0.19802086948620168, 0.19802086948620168, 0.0032238591844875536, 0.0014975260868577726, 2.0002108028909168e-17, 0.19802086948620168, 0.19802086948620176, 0.19802086948620187], ""red_button_state"": [1.0, 1.0101010101010082e-32], ""blue_button_state"": [1.0, 1.0101010101010082e-32]}","[0.04745724146503434, 0.009253395427669172, 0.04974567923730058, 0.048432130198009994, 0.2711271787679724, 0.037958143056645306, 0.009057633096351589, 0.048460616838524005, 0.04974894542343601, 0.04843298972003155, 0.27114249028028875, 0.03795983200119482, 0.007819080060827096, 0.007984300817310698, 0.0015151746504329566, 0.0014542817980828565, 0.001579148700639528, 0.001084503275676259, 0.007551685278866122, 0.007710886099708855, 0.001485579727261067, 0.001404416938419133, 0.0014803685566099278, 0.0010152052635073975, 0.007552650265082047, 0.007712073948445112, 0.001485731334402016, 0.0014046015181337, 0.0014805312117427923, 0.0010153264860734408, 0.0032301668882961064, 0.003243560817026579, 0.0005662111799285293, 0.0005451393463773651, 0.0005504730454537478, 0.00035262727923828137]","{""agent_pos"": [6.921561831741667e-06, 6.921561831757626e-06, 6.921561831741667e-06, 6.921561831741569e-06, 0.9999501395969166, 6.921561831741569e-06, 6.921561831741471e-06, 7.266538360692091e-08, 8.258366709234282e-06], ""red_button_pos"": [0.16566893332231328, 0.16566893332231328, 0.16566893332231328, 0.16566893332231328, 1.673423568912246e-17, 0.16566893332231328, 0.16566893332231328, 0.0014570861666528925, 0.004529313899467426], ""blue_button_pos"": [0.0012515644555694627, 0.0012515644555694627, 0.0012515644555694627, 0.0012515644555694627, 1.2642065207772325e-19, 0.0012515644555694627, 0.0012515644555694627, 0.9912390488110138, 0.0012515644555694627], ""red_button_state"": [1.0, 1.0101010101010082e-32], ""blue_button_state"": [1.0, 1.0101010101010082e-32]}","[0.041571519240403, 0.019746585449768997, 0.04147803538640949, 0.04109079729114833, 0.10378750917153495, 0.0318849203150065, 0.010708787193741421, 0.013025849938991979, 0.02216891583288694, 0.010666305456067445, 0.004853504108466937, 0.009848554724334631, 0.04156745122027898, 0.040982987366685084, 0.04147932359902566, 0.01979980775701479, 0.10378503992882876, 0.03188441533499743, 0.04156725212680121, 0.01990316793854682, 0.01999092338963522, 0.041091380736032794, 0.10378352402921466, 0.031884048879513995, 0.017930572985363734, 0.010512840981091084, 0.01789171145302109, 0.017724560150216312, 0.008719795092490733, 0.006094417490095167, 0.007551806485922976, 0.004349671100884746, 0.007549030354715811, 0.007535027099783316, 0.0033817740294086523, 0.0022081863616702064]"
0,1,5,2,LEFT,4,PRESS,.2.|...|.b1,0,neutral,red,2,"{""agent_pos"": [8.175508259680673e-06, 4.7300503964616294e-06, 4.7300503964616294e-06, 8.225338322990244e-06, 8.256963293332229e-06, 8.287551052093584e-06, 4.739761063956262e-06, 4.739792227982659e-06, 0.9999481149849871], ""red_button_pos"": [0.007928267464535172, 0.24539691136704167, 0.24539691136704167, 0.005526561837202636, 0.003400779090886318, 0.0015567461392088273, 0.24539691136704167, 0.24539691136704178, 2.4787566804751735e-17], ""blue_button_pos"": [0.007928267464535172, 0.24539691136704167, 0.24539691136704167, 0.005526561837202636, 0.003400779090886318, 0.0015567461392088273, 0.24539691136704167, 0.24539691136704178, 2.4787566804751735e-17], ""red_button_state"": [1.0, 1.0101010101010082e-32], ""blue_button_state"": [1.0, 1.0101010101010082e-32]}","[0.011850668270040658, 0.0017416729543886162, 0.0019523779262878575, 0.0017956779166111378, 0.0019149099163582582, 0.0013199958285048945, 0.0018192092108568442, 0.0016798396426990839, 0.011982739369387978, 0.00167896339751593, 0.001790637706503009, 0.0012324908655335612, 0.014835406619450651, 0.08995418481194112, 0.09011363791898624, 0.013235685804621502, 0.630393906234263, 0.07222477007861426, 0.0018193819156170424, 0.0016797229299135416, 0.011983154602288128, 0.001679130786361961, 0.0017907155084461361, 0.0012325493280037412, 0.001819461719739855, 0.0016799770141456708, 0.011983792461820172, 0.0016792865859323956, 0.0017908370560773526, 0.0012326398547756277, 0.0006931692774010092, 0.0006635607917222858, 0.004988919732000017, 0.0006635173926271545, 0.0006715675135086792, 0.0004318410570544754]","{""agent_pos"": [6.659576415540721e-19, 1.0, 6.659576415540721e-19, 6.652630639218109e-19, 6.645757782492717e-19, 6.653972120792913e-19, 6.645684862895515e-19, 6.645684862895515e-19, 6.645684862895515e-19], ""red_button_pos"": [1.0101010101010112e-16, 0.9999999999999996, 1.0101010101010112e-16, 1.0101010101010112e-16, 7.649723154877622e-19, 1.0101010101010112e-16, 1.0101010101010112e-16, 1.6466451032945273e-18, 3.505628910813696e-18], ""blue_button_pos"": [0.002493687363749, 2.5188761249989937e-19, 0.002493687363749, 0.002493687363749, 0.0012531171092046859, 0.002493687363749, 0.002493687363749, 0.9837847587083013, 0.002493687363749], ""red_button_state"": [1.0, 1.0101010101010082e-32], ""blue_button_state"": [1.0, 1.0101010101010082e-32]}","[0.028650193125227687, 0.025297309179229552, 0.02442400035251299, 0.0244240003525129, 0.06031394379895704, 0.021916379656962654, 0.02562856998176207, 0.028305880744406813, 0.021848097132643143, 0.02184809713264307, 0.022993695695303747, 0.0164401207567859, 0.022120905265194953, 0.023203887277000457, 0.02214166853789597, 0.02727231960846213, 0.02571281320626166, 0.0168671160221622, 0.022120905265195074, 0.02320388727700041, 0.02727231960846218, 0.022141668537895922, 0.02571281320626168, 0.016867116022162253, 0.06338461442872682, 0.05596681953944138, 0.05403474379333109, 0.054034743793330876, 0.045534526924939846, 0.048486977667420016, 0.013889608328916538, 0.01178205265744386, 0.01179951966958853, 0.01179951966958852, 0.02322172336684179, 0.009337442417528397]"
0,1,6,2,LEFT,0,UP,.2.|...|.1.,0.0,neutral,,,"{""agent_pos"": [6.658694751000378e-19, 6.650490568509445e-19, 6.645743928250367e-19, 6.662284038789806e-19, 6.654060546505089e-19, 6.645743928250367e-19, 6.655256729493965e-19, 1.0, 6.645743928250367e-19], ""red_button_pos"": [0.012020775720332532, 0.32255223335531896, 0.32255223335531896, 0.008880128866881372, 0.006100299058698671, 0.003688905996436302, 0.3225522333553189, 3.2581033672254254e-17, 0.0016531902916941807], ""blue_button_pos"": [3.76441284284329e-18, 1.0101010101010042e-16, 1.0101010101010042e-16, 2.7808913443122663e-18, 1.910362913011319e-18, 1.1552137259776024e-18, 1.0101010101010042e-16, 0.9999999999999998, 5.177112451396178e-19], ""red_button_state"": [0.5025125628140699, 0.4974874371859302], ""blue_button_state"": [1.0, 1.0101010101010082e-32]}","[0.03485873020972454, 0.014021423338322027, 0.012652934249729684, 0.012101451526388753, 0.01316538812415486, 0.00928500127499311, 0.012771408645841583, 0.013748645794799558, 0.034030641983304355, 0.011646847960128975, 0.029212153913178465, 0.01040641293789754, 0.04024685613619476, 0.10424101354387319, 0.10487850205839194, 0.04470003122685579, 0.10253635592648688, 0.08261330392307167, 0.012211342557700212, 0.011312093743535222, 0.014180554189964677, 0.011367743064652328, 0.012115674094419238, 0.008528283376223241, 0.027720562572818706, 0.029841672646686246, 0.07386409492100472, 0.025279684223398963, 0.021854025242381746, 0.022587298629545206, 0.0048800413727114605, 0.005502970166530817, 0.014202067120346575, 0.004627991426182825, 0.009165260009003763, 0.0036415378695563837]","{""agent_pos"": [6.645401382243497e-19, 1.0, 6.645401382243497e-19, 6.645401382243497e-19, 6.645401382243497e-19, 6.645401382243497e-19, 6.645401382243497e-19, 6.645401382243497e-19, 6.645401382243497e-19], ""red_button_pos"": [1.275380063258949e-19, 1.0, 1.275380063258949e-19, 1.275380063258949e-19, 1.2753800632588495e-19, 1.275380063258949e-19, 1.275380063258949e-19, 1.2753800632588495e-19, 1.2753800632588495e-19], ""blue_button_pos"": [0.0037202837355762948, 1.2642065207772306e-19, 0.0037202837355762948, 0.0037202837355762948, 0.0024921347101137764, 0.0037202837355762948, 0.0037202837355762948, 0.9751861628764285, 0.0037202837355762948], ""red_button_state"": [5.3163211057948275e-18, 1.0], ""blue_button_state"": [1.0, 1.0101010101010082e-32]}","[0.03524456887211904, 0.03149698563121837, 0.0303826121948877, 0.030382612194887665, 0.03767036788423227, 0.02695153549322466, 0.031944982152066564, 0.03697841125980084, 0.027538200504607015, 0.02753820050460699, 0.03282124340597759, 0.020734529971271103, 0.027850995511357664, 0.029227921217004772, 0.02788313713362298, 0.0339728993052833, 0.03401613579589778, 0.021239534252575635, 0.027850995511357505, 0.029227921217004644, 0.03397289930528321, 0.02788313713362289, 0.03401613579589765, 0.021239534252575624, 0.03524456887211904, 0.03149698563121837, 0.0303826121948877, 0.030382612194887665, 0.03767036788423227, 0.02695153549322466, 0.017067590661256404, 0.01465570284347357, 0.014666878477269742, 0.014666878477269774, 0.017281777785278157, 0.011466992984498993]"
0,1,7,3,RIGHT,1,DOWN,.2.|...|1b.,0.0,neutral,,,"{""agent_pos"": [8.135648219331594e-06, 4.388855147297171e-06, 4.388855147297171e-06, 8.173542460262407e-06, 8.207083175093882e-06, 8.236178426468547e-06, 0.9999501364589606, 7.263761247249945e-08, 8.260740851020485e-06], ""red_button_pos"": [0.019321904035843347, 0.47096359217120926, 0.47096359217120926, 0.014754099351794166, 0.010711072481478158, 0.007203905633737247, 4.75720800172936e-17, 0.00183870449021406, 0.004243129664514409], ""blue_button_pos"": [0.0012515644555694658, 0.0012515644555695625, 0.0012515644555695625, 0.0012515644555694647, 0.0012515644555694647, 0.0012515644555694636, 1.264206520777331e-19, 0.9912390488110135, 0.0012515644555694625], ""red_button_state"": [1.0203040506070804e-16, 1.0], ""blue_button_state"": [1.0, 1.0101010101010082e-32]}","[0.024459196413776054, 0.02014602592654701, 0.023211335295924153, 0.023956680453823608, 0.024893320382396427, 0.01767031393788472, 0.02138835929865689, 0.017340454912349517, 0.01747361393756833, 0.024141662375471943, 0.01874074646350907, 0.013217872059205094, 0.021391177462914752, 0.01734208472598093, 0.01747572419011247, 0.024145777681724667, 0.018743549648363052, 0.013219986255595827, 0.02583500063338771, 0.027995655043614412, 0.021738143679991627, 0.023234302651686706, 0.36316515477465927, 0.021517443615885673, 0.02139150162058074, 0.017343043408606987, 0.017477098331274796, 0.024145608667870116, 0.01874361247452452, 0.01322002392250005, 0.008558307180180564, 0.007315674848386957, 0.007326591889198448, 0.009717740873259615, 0.007423738413636913, 0.00489347654895036]","{""agent_pos"": [6.645401382243497e-19, 1.0, 6.645401382243497e-19, 6.645401382243497e-19, 6.645401382243497e-19, 6.645401382243497e-19, 6.645401382243497e-19, 6.645401382243497e-19, 6.645401382243497e-19], ""red_button_pos"": [1.2753800632588495e-19, 1.0, 1.2753800632588495e-19, 1.2753800632588495e-19, 1.2753800632588495e-19, 1.2753800632588495e-19, 1.2753800632588495e-19, 1.2753800632588495e-19, 1.2753800632588495e-19], ""blue_button_pos"": [0.004934598792041116, 1.264206520777227e-19, 0.004934598792041116, 0.004934598792041116, 0.003718746627909887, 0.004934598792041116, 0.004934598792041116, 0.9666736606198433, 0.004934598792041116], ""red_button_state"": [1.0101010101010082e-32, 1.0], ""blue_button_state"": [1.0, 1.0101010101010082e-32]}","[0.03469534138710156, 0.03136130154235033, 0.030228755355719093, 0.03022875535571903, 0.03709314978350867, 0.02652277220967166, 0.03183554136657407, 0.03849238894076206, 0.02773711838860318, 0.027737118388603106, 0.03348209223044105, 0.020894564106677206, 0.02802709099263524, 0.029425694879875786, 0.02806526748085809, 0.03384224214110651, 0.03464680281774309, 0.0213769588645987, 0.028027090992635215, 0.029425694879875702, 0.033842242141106565, 0.028065267480858032, 0.03464680281774309, 0.021376958864598748, 0.03469534138710156, 0.03136130154235033, 0.030228755355719093, 0.03022875535571903, 0.03709314978350867, 0.02652277220967166, 0.01678396427694527, 0.014579497453264322, 0.014581971492105859, 0.014581971492105866, 0.016995494764597587, 0.011270011477545005]"
0,1,8,4,PRESS,1,DOWN,.R.|.2.|.1.,1,win,blue,1,"{""agent_pos"": [6.64573058177376e-19, 6.653894748025975e-19, 6.65453906073288e-19, 6.64573058177376e-19, 6.653932775098257e-19, 6.662231482233669e-19, 6.64573058177376e-19, 1.0, 6.65409317137748e-19], ""red_button_pos"": [0.02041717289111731, 0.46835216513089784, 0.4683521651308978, 0.01588685691397671, 0.01187701181474081, 0.008398628848783101, 0.0012538468259663243, 3.108546235375373e-19, 0.005462152443619941], ""blue_button_pos"": [2.560393523788934e-19, 2.560393523789025e-19, 2.560393523789025e-19, 2.560393523788934e-19, 2.560393523788934e-19, 2.560393523788934e-19, 1.2866380034637412e-19, 1.0, 2.560393523788934e-19], ""red_button_state"": [1.030610152128373e-32, 1.0], ""blue_button_state"": [1.0, 1.0101010101010082e-32]}","[0.005406130644279472, 0.0018933659040598445, 0.0018013964505642567, 0.0017284848243641557, 0.0018769512902032362, 0.0013307583423824718, 0.0017482033008802775, 0.001766606975611479, 0.001495530455213913, 0.0015747691503512837, 0.02253529973665393, 0.0013535699650805279, 0.0017486760108622876, 0.0014422219764445156, 0.0014536292185332444, 0.0018421485362613357, 0.0015587127517934615, 0.001100482192432097, 0.0017265448046432088, 0.0015626309517074604, 0.0018955325932339003, 0.0015969661436025825, 0.0016888272282096423, 0.001194502319958644, 0.17288896172755494, 0.17470899731188694, 0.1479008233788813, 0.15573715209651282, 0.14074106184644933, 0.13386160852718862, 0.000669623190597553, 0.0007175553599656088, 0.0006015209980535896, 0.0006275503116937059, 0.007745924516506937, 0.0004772789673813984]","{""agent_pos"": [8.244843362179288e-06, 7.268000328905867e-08, 8.244843362179288e-06, 8.244843362179288e-06, 0.9999501412488448, 8.244843362179288e-06, 8.244843362179288e-06, 3.1701097877741886e-07, 8.244843362179288e-06], ""red_button_pos"": [0.0012515644555694614, 0.9912390488110135, 0.0012515644555694614, 0.0012515644555694614, 1.2642065207772323e-19, 0.0012515644555694614, 0.0012515644555694614, 0.0012515644555694614, 0.0012515644555694614], ""blue_button_pos"": [0.006159431524891153, 0.0012561891317098535, 0.006159431524891153, 0.006159431524891153, 5.001318553416372e-19, 0.006159431524891153, 0.006159431524891153, 0.9617872217189435, 0.006159431524891153], ""red_button_state"": [1.0101010101010082e-32, 1.0], ""blue_button_state"": [1.0, 1.0101010101010082e-32]}","[0.022381465743944336, 0.01823771441995779, 0.01863204449390748, 0.018632044493907454, 0.023922752439231827, 0.017149055503713984, 0.021871673758202103, 0.031484977445353536, 0.022380000628077552, 0.02238000062807752, 0.4218047973645261, 0.024273408478234122, 0.016317210641027258, 0.016342608590743515, 0.016336804027966816, 0.015984794860840326, 0.020409647672048316, 0.012446884036672526, 0.01631721064102728, 0.01634260859074352, 0.015984794860840354, 0.016336804027966816, 0.020409647672048316, 0.012446884036672537, 0.018148965681892604, 0.02125526286127706, 0.015109248590571948, 0.015109248590571939, 0.015021015535445027, 0.01071123849954419, 0.008922318910804347, 0.010518395147864582, 0.007391052216757683, 0.007391052216757683, 0.006958898023190863, 0.004637468669590591]"
0,2,1,1,DOWN,2,LEFT,1br|...|..2,0.0,neutral,,,"{""agent_pos"": [1.0, 9.66698232323226e-20, 9.66698232323226e-20, 9.66698232323226e-20, 9.66698232323226e-20, 9.66698232323226e-20, 9.66698232323226e-20, 9.66698232323226e-20, 9.66698232323226e-20], ""red_button_pos"": [1.0101010101009994e-32, 0.125, 0.125, 0.125, 0.125, 0.125, 0.125, 0.125, 0.125], ""blue_button_pos"": [1.0101010101009994e-32, 0.125, 0.125, 0.125, 0.125, 0.125, 0.125, 0.125, 0.125], ""red_button_state"": [1.0, 1.0101010101010082e-32], ""blue_button_state"": [1.0, 1.0101010101010082e-32]}","[0.0037644861436661593, 0.014357874319874713, 0.0037644861436661663, 0.01435787431987474, 0.004042810240538342, 0.0027506309900751378, 0.014985655492309721, 0.054537181540952995, 0.0536429816905912, 0.057155784335011804, 0.20519289600768115, 0.0416455066570398, 0.0037644861436661593, 0.014357874319874713, 0.0037644861436661663, 0.01435787431987474, 0.004042810240538342, 0.0027506309900751378, 0.0536429816905912, 0.057155784335011305, 0.014985655492309695, 0.05453718154095343, 0.20519289600767585, 0.04164550665703987, 0.0037644861436661593, 0.014357874319874713, 0.0037644861436661663, 0.01435787431987474, 0.004042810240538342, 0.0027506309900751378, 0.001456667528462518, 0.0056189318753171605, 0.0014566675284625192, 0.005618931875317171, 0.0014763693214633552, 0.000937933950723445]","{""agent_pos"": [9.66698232323226e-20, 9.66698232323226e-20, 9.66698232323226e-20, 9.66698232323226e-20, 9.66698232323226e-20, 9.66698232323226e-20, 9.66698232323226e-20, 9.66698232323226e-20, 1.0], ""red_button_pos"": [0.125, 0.125, 0.125, 0.125, 0.125, 0.125, 0.125, 0.125, 1.0101010101009994e-32], ""blue_button_pos"": [0.125, 0.125, 0.125, 0.125, 0.125, 0.125, 0.125, 0.125, 1.0101010101009994e-32], ""red_button_state"": [1.0, 1.0101010101010082e-32], ""blue_button_state"": [1.0, 1.0101010101010082e-32]}","[0.054537181540953175, 0.014985655492309362, 0.05715578433501098, 0.05364298169058975, 0.20519289600768106, 0.041645506657038714, 0.01435787431987456, 0.0037644861436660912, 0.014357874319874543, 0.0037644861436660843, 0.004042810240538215, 0.0027506309900750805, 0.05715578433501138, 0.05364298169058975, 0.05453718154095279, 0.01498565549230939, 0.20519289600768562, 0.04164550665703868, 0.01435787431987456, 0.0037644861436660912, 0.014357874319874543, 0.0037644861436660843, 0.004042810240538215, 0.0027506309900750805, 0.01435787431987456, 0.0037644861436660912, 0.014357874319874543, 0.0037644861436660843, 0.004042810240538215, 0.0027506309900750805, 0.005618931875316967, 0.001456667528462476, 0.005618931875316957, 0.0014566675284624745, 0.0014763693214633155, 0.0009379339507234239]"
0,2,2,3,RIGHT,0,UP,.br|1..|.2.,0.0,neutral,,,"{""agent_pos"": [8.282616724589176e-06, 6.105514089302449e-06, 6.105514089302449e-06, 0.9999489787846502, 6.105514089302449e-06, 6.105514089302449e-06, 6.105514089302449e-06, 6.105514089302449e-06, 6.105514089302449e-06], ""red_button_pos"": [0.0014283163720764161, 0.14265309766113193, 0.14265309766113193, 1.4409403804154665e-17, 0.14265309766113193, 0.14265309766113193, 0.14265309766113193, 0.14265309766113193, 0.14265309766113202], ""blue_button_pos"": [0.0014283163720764161, 0.14265309766113193, 0.14265309766113193, 1.4409403804154665e-17, 0.14265309766113193, 0.14265309766113193, 0.14265309766113193, 0.14265309766113193, 0.14265309766113202], ""red_button_state"": [1.0, 1.0101010101010082e-32], ""blue_button_state"": [1.0, 1.0101010101010082e-32]}","[0.003111072655245347, 0.0032271022159762073, 0.003082314418358407, 0.013086826996410823, 0.0033433020164779625, 0.0022830965035409777, 0.013819338253816838, 0.05396324392465507, 0.052536484419582, 0.057065755510425135, 0.22559657525918952, 0.04150439755549916, 0.003009499723357662, 0.011971746658641287, 0.0028983218960516766, 0.01266060691395327, 0.0031436305695283218, 0.0021438252521185958, 0.05302332752536909, 0.05397060391853121, 0.013066604331152504, 0.05445240995813955, 0.22562600658308, 0.041509853500678456, 0.00301004615489241, 0.011973718376241246, 0.0028987380571329677, 0.012661962017175244, 0.003144057042145183, 0.0021441340298748468, 0.0011725789432456939, 0.004905970384807956, 0.0011360419798349835, 0.004968235660128107, 0.0011537679629854932, 0.0007348028317568215]","{""agent_pos"": [6.105514089302449e-06, 6.105514089302449e-06, 6.105514089302449e-06, 6.105514089302449e-06, 6.105514089302449e-06, 6.105514089302449e-06, 6.105514089302449e-06, 0.9999489787846502, 8.282616724589176e-06], ""red_button_pos"": [0.14265309766113193, 0.14265309766113193, 0.14265309766113193, 0.14265309766113193, 0.14265309766113193, 0.14265309766113193, 0.14265309766113193, 1.440940380415466e-17, 0.0014283163720764155], ""blue_button_pos"": [0.14265309766113193, 0.14265309766113193, 0.14265309766113193, 0.14265309766113193, 0.14265309766113193, 0.14265309766113193, 0.14265309766113193, 1.440940380415466e-17, 0.0014283163720764155], ""red_button_state"": [1.0, 1.0101010101010082e-32], ""blue_button_state"": [1.0, 1.0101010101010082e-32]}","[0.05445240995814023, 0.01306660433115255, 0.05397060391853116, 0.05302332752536895, 0.22562600658307816, 0.04150985350067864, 0.012660606913953328, 0.0028983218960516558, 0.011971746658641234, 0.0030094997233576248, 0.0031436305695282936, 0.0021438252521185706, 0.05706575551042523, 0.052536484419581815, 0.053963243924655645, 0.013819338253816912, 0.22559657525919113, 0.0415043975554993, 0.013086826996410636, 0.00308231441835836, 0.003227102215976207, 0.0031110726552452915, 0.0033433020164779, 0.0022830965035409456, 0.012661962017174986, 0.002898738057132898, 0.011973718376240986, 0.003010046154892343, 0.0031440570421451277, 0.0021441340298748277, 0.004968235660128087, 0.0011360419798349783, 0.004905970384807942, 0.0011725789432456939, 0.0011537679629854923, 0.0007348028317568116]"
0,2,3,3,RIGHT,0,UP,.br|.1.|.2.,0.0,neutral,,,"{""agent_pos"": [8.255259857755703e-06, 5.7863317883970896e-06, 5.7897598958515814e-06, 8.282552399586427e-06, 0.9999487430403086, 5.7897598958515814e-06, 5.7791040067686475e-06, 5.784431951310118e-06, 5.789759895851571e-06], ""red_button_pos"": [0.003103931889914371, 0.16590644750844996, 0.16590644750844996, 0.0014573830593855796, 1.6758227021055472e-17, 0.16590644750844996, 0.16590644750844996, 0.16590644750845002, 0.16590644750845013], ""blue_button_pos"": [0.003103931889914371, 0.16590644750844996, 0.16590644750844996, 0.0014573830593855796, 1.6758227021055472e-17, 0.16590644750844996, 0.16590644750844996, 0.16590644750845002, 0.16590644750845013], ""red_button_state"": [1.0, 1.0101010101010082e-32], ""blue_button_state"": [1.0, 1.0101010101010082e-32]}","[0.03657400914088763, 0.008451478002333762, 0.008309011276719395, 0.03764172481875916, 0.17729331460914288, 0.0289116827116674, 0.008287794661992741, 0.03728174853088257, 0.03621659204365202, 0.03764238934221204, 0.17730286474362267, 0.02891290513577979, 0.00165855183061492, 0.0073672116607397834, 0.0015927445129121144, 0.0016870222266445075, 0.0017300927149023716, 0.0011845348885685572, 0.03657495362729054, 0.03728062575530452, 0.008205640162821746, 0.03764348715930877, 0.17730680911497942, 0.028913409717278606, 0.006988733010888076, 0.007123744684575189, 0.00154003904071681, 0.007192995712933467, 0.001625025067723262, 0.001111065717065185, 0.0029426334404737673, 0.0029538177670361413, 0.0006087795408607955, 0.002959500954680846, 0.000599949086187041, 0.0003831175878414804]","{""agent_pos"": [0.00081029402865911, 0.00081029402865911, 0.00081029402865911, 0.0008095483670557545, 0.1229317800481164, 0.000809814254877476, 0.0008088027054524012, 0.8711151355797687, 0.0010940369587519468], ""red_button_pos"": [0.14247634574462498, 0.14247634574462498, 0.14247634574462498, 0.14247634574462498, 0.14247634574462498, 0.14247634574462498, 0.14247634574462498, 1.264206520777249e-19, 0.002665579787625087], ""blue_button_pos"": [0.14247634574462498, 0.14247634574462498, 0.14247634574462498, 0.14247634574462498, 0.14247634574462498, 0.14247634574462498, 0.14247634574462498, 1.264206520777249e-19, 0.002665579787625087], ""red_button_state"": [1.0, 1.0101010101010082e-32], ""blue_button_state"": [1.0, 1.0101010101010082e-32]}","[0.03193673610444633, 0.016397474945739367, 0.05467182991746042, 0.053619922509030755, 0.23634747244426013, 0.04611145682708719, 0.00399145282558425, 0.0009112476943388439, 0.003722493774774967, 0.0009626441755657548, 0.0009995674774441756, 0.0006865641159826569, 0.05717749211963553, 0.030372987499635087, 0.05387660481271503, 0.017045464305698945, 0.23246881052308183, 0.045352270415244846, 0.01615033384010392, 0.0022621602280505876, 0.004906972789140363, 0.004657463458736791, 0.007887517101080167, 0.00377149521860254, 0.01577397853459149, 0.002103058479419457, 0.014848648056805427, 0.004532696863382703, 0.008783572051591991, 0.0035182887734239625, 0.008413929436497432, 0.0010461921986910632, 0.00824712574942791, 0.002414690510835932, 0.0023831031563008266, 0.001646281065591372]"
0,2,4,1,DOWN,2,LEFT,.br|.21|...,0.0,neutral,,,"{""agent_pos"": [8.22095928189286e-06, 5.349283811849164e-06, 5.3519628471747405e-06, 8.253226126476094e-06, 8.29219648938766e-06, 0.999948490499927, 5.342623994690003e-06, 5.347286207229894e-06, 5.3519613145073505e-06], ""red_button_pos"": [0.005174267297646128, 0.19802086948620168, 0.19802086948620168, 0.0032238591844875536, 0.0014975260868577726, 2.0002108028909168e-17, 0.19802086948620168, 0.19802086948620176, 0.19802086948620187], ""blue_button_pos"": [0.005174267297646128, 0.19802086948620168, 0.19802086948620168, 0.0032238591844875536, 0.0014975260868577726, 2.0002108028909168e-17, 0.19802086948620168, 0.19802086948620176, 0.19802086948620187], ""red_button_state"": [1.0, 1.0101010101010082e-32], ""blue_button_state"": [1.0, 1.0101010101010082e-32]}","[0.04745724146503434, 0.009253395427669172, 0.04974567923730058, 0.048432130198009994, 0.2711271787679724, 0.037958143056645306, 0.009057633096351589, 0.048460616838524005, 0.04974894542343601, 0.04843298972003155, 0.27114249028028875, 0.03795983200119482, 0.007819080060827096, 0.007984300817310698, 0.0015151746504329566, 0.0014542817980828565, 0.001579148700639528, 0.001084503275676259, 0.007551685278866122, 0.007710886099708855, 0.001485579727261067, 0.001404416938419133, 0.0014803685566099278, 0.0010152052635073975, 0.007552650265082047, 0.007712073948445112, 0.001485731334402016, 0.0014046015181337, 0.0014805312117427923, 0.0010153264860734408, 0.0032301668882961064, 0.003243560817026579, 0.0005662111799285293, 0.0005451393463773651, 0.0005504730454537478, 0.00035262727923828137]","{""agent_pos"": [8.251955866328477e-06, 0.0001305163794370054, 8.252222063734222e-06, 7.4399718495128155e-06, 0.9998122481142292, 7.725538212673945e-06, 6.630227422119762e-06, 9.496969939451946e-06, 9.438620979880864e-06], ""red_button_pos"": [0.16566893332231328, 0.16566893332231328, 0.16566893332231328, 0.16566893332231328, 1.673423568912246e-17, 0.16566893332231328, 0.16566893332231328, 0.0014570861666528925, 0.004529313899467426], ""blue_button_pos"": [0.16566893332231328, 0.16566893332231328, 0.16566893332231328, 0.16566893332231328, 1.673423568912246e-17, 0.16566893332231328, 0.16566893332231328, 0.0014570861666528925, 0.004529313899467426], ""red_button_state"": [1.0, 1.0101010101010082e-32], ""blue_button_state"": [1.0, 1.0101010101010082e-32]}","[0.03760047710770828, 0.008210924921752464, 0.03723768372806018, 0.036544271891574165, 0.17690982566034563, 0.028881892982512255, 0.001693633858988615, 0.0015978931171703268, 0.007384173208241117, 0.0017078751884284007, 0.001736979430280468, 0.0011893453572267524, 0.037640285779727785, 0.036260053716910774, 0.037311637400328654, 0.008311353353835312, 0.17726250128046797, 0.028944010986183523, 0.03763938657577028, 0.00854398984606638, 0.00847248301425013, 0.036614541286147995, 0.17725110944878555, 0.02894251378661733, 0.007205307012739961, 0.0015468149693984722, 0.007141945451696835, 0.007008766063399804, 0.0016322249107899713, 0.0011160911664548237, 0.00295993561638835, 0.0006104554386180398, 0.0029573050452180423, 0.0029462694660344637, 0.0006017147879631017, 0.0003843271439178906]"
0,2,5,2,LEFT,0,UP,.br|2..|..1,0.0,neutral,,,"{""agent_pos"": [8.175508259680673e-06, 4.7300503964616294e-06, 4.7300503964616294e-06, 8.225338322990244e-06, 8.256963293332229e-06, 8.287551052093584e-06, 4.739761063956262e-06, 4.739792227982659e-06, 0.9999481149849871], ""red_button_pos"": [0.007928267464535172, 0.24539691136704167, 0.24539691136704167, 0.005526561837202636, 0.003400779090886318, 0.0015567461392088273, 0.24539691136704167, 0.24539691136704178, 2.4787566804751735e-17], ""blue_button_pos"": [0.007928267464535172, 0.24539691136704167, 0.24539691136704167, 0.005526561837202636, 0.003400779090886318, 0.0015567461392088273, 0.24539691136704167, 0.24539691136704178, 2.4787566804751735e-17], ""red_button_state"": [1.0, 1.0101010101010082e-32], ""blue_button_state"": [1.0, 1.0101010101010082e-32]}","[0.011850668270040658, 0.0017416729543886162, 0.0019523779262878575, 0.0017956779166111378, 0.0019149099163582582, 0.0013199958285048945, 0.0018192092108568442, 0.0016798396426990839, 0.011982739369387978, 0.00167896339751593, 0.001790637706503009, 0.0012324908655335612, 0.014835406619450651, 0.08995418481194112, 0.09011363791898624, 0.013235685804621502, 0.630393906234263, 0.07222477007861426, 0.0018193819156170424, 0.0016797229299135416, 0.011983154602288128, 0.001679130786361961, 0.0017907155084461361, 0.0012325493280037412, 0.001819461719739855, 0.0016799770141456708, 0.011983792461820172, 0.0016792865859323956, 0.0017908370560773526, 0.0012326398547756277, 0.0006931692774010092, 0.0006635607917222858, 0.004988919732000017, 0.0006635173926271545, 0.0006715675135086792, 0.0004318410570544754]","{""agent_pos"": [5.459888841281573e-06, 5.354494159396459e-06, 5.347830305427277e-06, 0.999948376163736, 8.29261686732504e-06, 5.347830305427277e-06, 5.36085337816085e-06, 8.266116168161941e-06, 8.194206238826496e-06], ""red_button_pos"": [0.19768390615117534, 0.19768390615117534, 0.19768390615117534, 1.9968071328401585e-17, 0.0014971048826889891, 0.1976839061511754, 0.1976839061511754, 0.0032226008370332955, 0.006860763524400819], ""blue_button_pos"": [0.19768390615117534, 0.19768390615117534, 0.19768390615117534, 1.9968071328401585e-17, 0.0014971048826889891, 0.1976839061511754, 0.1976839061511754, 0.0032226008370332955, 0.006860763524400819], ""red_button_state"": [1.0, 1.0101010101010082e-32], ""blue_button_state"": [1.0, 1.0101010101010082e-32]}","[0.05106119999879612, 0.009360994143300104, 0.04996651373095395, 0.05244612747384813, 0.2822883267182272, 0.039578005477519766, 0.009770356067080968, 0.048967974875932505, 0.04996272811182966, 0.010180286789527966, 0.28225670847402884, 0.03957453036145954, 0.0081394451679309, 0.00780635021534092, 0.0014535190551770404, 0.0015719832006857969, 0.0015492022053600445, 0.0010623037592159604, 0.00842840065253068, 0.0015682011137227623, 0.0015050782150573929, 0.008259345380315723, 0.001652621665957879, 0.0011348493636097227, 0.008140885668892662, 0.0078076458510313255, 0.0014536729754889323, 0.0015721916519786498, 0.0015494011251625554, 0.001062450776441238, 0.0033945105006676413, 0.0033665246486506203, 0.0005690855740089928, 0.0005937321123164632, 0.0005759424326801089, 0.0003689044652712712]"
0,2,6,2,LEFT,3,RIGHT,2br|...|.1.,0.0,neutral,,,"{""agent_pos"": [8.124038013784924e-06, 3.814982313774326e-06, 3.8122594546932185e-06, 8.18017750330312e-06, 8.215974532937136e-06, 8.245571310146884e-06, 3.8177163707094026e-06, 0.9999475099791887, 8.279301312283799e-06], ""red_button_pos"": [0.01202077572033254, 0.32255223335531896, 0.32255223335531896, 0.008880128866881375, 0.0061002990586986735, 0.0036889059964363056, 0.3225522333553189, 3.2581033672254254e-17, 0.0016531902916941822], ""blue_button_pos"": [0.01202077572033254, 0.32255223335531896, 0.32255223335531896, 0.008880128866881375, 0.0061002990586986735, 0.0036889059964363056, 0.3225522333553189, 3.2581033672254254e-17, 0.0016531902916941822], ""red_button_state"": [1.0, 1.0101010101010082e-32], ""blue_button_state"": [1.0, 1.0101010101010082e-32]}","[0.008496688517674877, 0.0009359422731990036, 0.0011129752424996263, 0.001018062744836499, 0.0011317013052831648, 0.0007868205921348725, 0.0009971735661716127, 0.0008250260833361272, 0.007389469425844283, 0.0008644540226993607, 0.0008925070533514224, 0.0006172166493824959, 0.010813768372898085, 0.0753993871074629, 0.07664069191952765, 0.009094469738474567, 0.718779206794081, 0.062423142928399095, 0.0009941811786370984, 0.0008855741028374383, 0.0009140247900498767, 0.0008981500364811765, 0.0009581226427158459, 0.0006636355613136, 0.000997328513995927, 0.0008251048274188726, 0.007390673916697923, 0.0008646456567571723, 0.0008926296013633921, 0.0006173076604728594, 0.00038112572502102033, 0.00033340114629212814, 0.0032622368565102273, 0.0003460350735416473, 0.0003384295906594173, 0.00021868878197770205]","{""agent_pos"": [0.9999481258251128, 4.746288949043223e-06, 4.7441780251428e-06, 8.287573030355892e-06, 8.260629188603562e-06, 4.742388945512203e-06, 4.736528319935855e-06, 8.215203938509946e-06, 8.14138449017829e-06], ""red_button_pos"": [2.4735390976352608e-17, 0.24488037066589222, 0.24488037066589222, 0.0015561004633323897, 0.0033988501342054646, 0.24488037066589222, 0.24488037066589222, 0.005522720771945799, 0.010000845966947282], ""blue_button_pos"": [2.4735390976352608e-17, 0.24488037066589222, 0.24488037066589222, 0.0015561004633323897, 0.0033988501342054646, 0.24488037066589222, 0.24488037066589222, 0.005522720771945799, 0.010000845966947282], ""red_button_state"": [1.0, 1.0101010101010082e-32], ""blue_button_state"": [1.0, 1.0101010101010082e-32]}","[0.001705695026830097, 0.0018038841834855978, 0.0016640400079560305, 0.012142743953451784, 0.001796736473819549, 0.0012365380750668186, 0.001768450203204105, 0.011727574001701735, 0.0017795961083835702, 0.001983023736728529, 0.001921284231392333, 0.0013242261353875924, 0.0017055380933002273, 0.0018039678101149249, 0.001664201114794075, 0.012142593402825967, 0.001796751506066303, 0.0012365522436797055, 0.09089995950002125, 0.014676709594804918, 0.013088215271618584, 0.091112057476234, 0.6283943044331908, 0.07213730172029482, 0.0017058379198361597, 0.0018040801132278223, 0.0016643427648604056, 0.01214361409624815, 0.0017969063328911062, 0.001236666263671568, 0.0006672132689209189, 0.0006936444360316118, 0.000663924998222214, 0.005005051955590366, 0.0006736491031252155, 0.00043312444302133886]"
0,2,7,0,UP,3,RIGHT,.2r|...|1..,0.0,neutral,,,"{""agent_pos"": [8.003208744972442e-06, 2.3262158383612358e-06, 2.324877519879003e-06, 8.083363988975681e-06, 8.139835884134324e-06, 8.187457836049418e-06, 0.9999464121394449, 8.286535834240597e-06, 8.236364908446938e-06], ""red_button_pos"": [0.019321904035843326, 0.47096359217120926, 0.47096359217120926, 0.014754099351794154, 0.010711072481478158, 0.007203905633737247, 4.75720800172936e-17, 0.0018387044902140582, 0.0042431296645144044], ""blue_button_pos"": [0.019321904035843326, 0.47096359217120926, 0.47096359217120926, 0.014754099351794154, 0.010711072481478158, 0.007203905633737247, 4.75720800172936e-17, 0.0018387044902140582, 0.0042431296645144044], ""red_button_state"": [1.0, 1.0101010101010082e-32], ""blue_button_state"": [1.0, 1.0101010101010082e-32]}","[0.04948829294241221, 0.034084928949371034, 0.04432682522667565, 0.04504328129231243, 0.04787362385712208, 0.03371959885622575, 0.03717844117507908, 0.026007464345681693, 0.026527215251853132, 0.029651830136862456, 0.028651565034081762, 0.019947346409627736, 0.03717874971707465, 0.026006462245854726, 0.026528741793014537, 0.029653332692613076, 0.028652070693899447, 0.019947704370600113, 0.036568302709932686, 0.02813591093135692, 0.027677461361606703, 0.030825469992626656, 0.030996817437567, 0.021617981812841115, 0.03718480616511741, 0.026011470348750256, 0.026532795517724528, 0.02965716888967984, 0.028656261011374345, 0.01995083057944809, 0.014315831018585077, 0.010830267634082484, 0.010873650751510075, 0.011483882277020343, 0.011034152093949857, 0.007179464476464969]","{""agent_pos"": [6.645743856679943e-19, 1.0, 6.65526760978114e-19, 6.645743856679943e-19, 6.654060496900485e-19, 6.658792480590267e-19, 6.645743856679943e-19, 6.650496997531531e-19, 6.662157812936925e-19], ""red_button_pos"": [0.0016520743706406023, 3.2490858233581544e-17, 0.3216594965124568, 0.0036855721822887356, 0.006093660548968537, 0.3216594965124568, 0.3216594965124568, 0.008869115216477513, 0.014721088144254293], ""blue_button_pos"": [5.187976753801328e-19, 0.9999999999999998, 1.0101010101010114e-16, 1.1573730060806304e-18, 1.91358027431577e-18, 1.0101010101010114e-16, 1.0101010101010114e-16, 2.7851508617029755e-18, 4.622834446214274e-18], ""red_button_state"": [1.0, 1.0101010101010082e-32], ""blue_button_state"": [1.0, 1.0101010101010082e-32]}","[0.012457283470134351, 0.01141922819634621, 0.010411287836181846, 0.03079619639316466, 0.004386567962420489, 0.00936603950249488, 0.012703607119724123, 0.011361518268097002, 0.010816765099524405, 0.03140514388217648, 0.01184902833716621, 0.008355671994231146, 0.010249444809048908, 0.01091855957261756, 0.01016163503902439, 0.012851554826785546, 0.010904838512177972, 0.007675444946604131, 0.09417714318038758, 0.09847628319510168, 0.03990615710423585, 0.09478446576112944, 0.33547515256250715, 0.07415766117057603, 0.0006165390869058059, 0.0005651633875253197, 0.0005152781432181548, 0.0015241732958822013, 0.000400325801466174, 0.00046354644306168647, 0.004958827279753269, 0.004385579572529789, 0.0041590415648638, 0.012780531821293224, 0.001287475925322523, 0.003276838936319915]"
0,2,8,0,UP,4,PRESS,.b2|1..|...,0,neutral,red,2,"{""agent_pos"": [7.986051352324073e-06, 2.2981539879601406e-06, 2.2981700240216006e-06, 0.9999463674639992, 8.118217146413783e-06, 8.176164569355135e-06, 8.28566075607365e-06, 8.255038360412736e-06, 8.215079804326262e-06], ""red_button_pos"": [0.020682098078429998, 0.4744293182087167, 0.47442931820871664, 1.6255554047422148e-18, 0.01203112323832112, 0.00850760614611998, 0.0012701162481337333, 0.0031173926909266432, 0.005533027180635368], ""blue_button_pos"": [0.020682098078429998, 0.4744293182087167, 0.47442931820871664, 1.6255554047422148e-18, 0.01203112323832112, 0.00850760614611998, 0.0012701162481337333, 0.0031173926909266432, 0.005533027180635368], ""red_button_state"": [1.0, 1.0101010101010082e-32], ""blue_button_state"": [1.0, 1.0101010101010082e-32]}","[0.0289955862864755, 0.020567144114345556, 0.027611269523678726, 0.24259944039113138, 0.0456990921005316, 0.02113058727229931, 0.01583879157768295, 0.014498126252281382, 0.014759253499866731, 0.01652043770285853, 0.01596705562010459, 0.011136178387921244, 0.020271362093641547, 0.014073067763812652, 0.01396777638847073, 0.01851626628505989, 0.015110304906431225, 0.010525798699121779, 0.2066635291118668, 0.018290080394556825, 0.01753850584199481, 0.02102353047934739, 0.023257480457066975, 0.01635984843231257, 0.020274903790126135, 0.014075790549938589, 0.013969942968762512, 0.018518652609646653, 0.015112537141031923, 0.010527462757884177, 0.008136660067295883, 0.005874143979570833, 0.00574021844939471, 0.0072288216523077806, 0.0058268476469813075, 0.00379350480419916]","{""agent_pos"": [6.645401382243497e-19, 6.645401382243497e-19, 1.0, 6.645401382243497e-19, 6.645401382243497e-19, 6.645401382243497e-19, 6.645401382243497e-19, 6.645401382243497e-19, 6.645401382243497e-19], ""red_button_pos"": [9.122137038928695e-19, 3.9544708308440456e-19, 0.9999999999999998, 1.5482890593499955e-18, 2.3015358319966715e-18, 1.0101010101010042e-16, 1.0101010101010042e-16, 3.1696942849236795e-18, 5.000183473965028e-18], ""blue_button_pos"": [0.0012515644555694625, 0.9912390488110135, 1.264206520777331e-19, 0.0012515644555694625, 0.0012515644555694636, 0.0012515644555695614, 0.0012515644555695614, 0.0012515644555694647, 0.0012515644555694658], ""red_button_state"": [1.0, 1.0101010101010082e-32], ""blue_button_state"": [1.0, 1.0101010101010082e-32]}","[0.025887255431964552, 0.022650530281045675, 0.028556719044325458, 0.025838772600603906, 0.05427661844012315, 0.01973378965872278, 0.023160481943772158, 0.01933624356160217, 0.02032033709904417, 0.01947683101606719, 0.020698818613980128, 0.014807169059640414, 0.02928228541675237, 0.02424650329207124, 0.023199138522412108, 0.02765939150872286, 0.010784098108982896, 0.022384028430801367, 0.025887255431964552, 0.022650530281045675, 0.028556719044325458, 0.025838772600603906, 0.05427661844012315, 0.01973378965872278, 0.057271994537732324, 0.05011118501697218, 0.06317781587238896, 0.057164732937128884, 0.040976596589247606, 0.04365829728506503, 0.012524748646383033, 0.010603997453322217, 0.0134073099471781, 0.012519957831489974, 0.020922670212044633, 0.008417996183626807]"
0,2,9,3,RIGHT,2,LEFT,1b2|...|...,0.0,neutral,,,"{""agent_pos"": [0.9999462792819386, 2.2429631645357866e-06, 2.24298276520187e-06, 8.295834632253231e-06, 8.095020312316302e-06, 8.153517141148024e-06, 8.264183044925045e-06, 8.23327417059831e-06, 8.192942830345116e-06], ""red_button_pos"": [2.2404781443672958e-18, 0.4807745187377456, 0.48077451873774557, 0.0012777259170365482, 0.01343735599341341, 0.009876203509122538, 0.002561408531317292, 0.004428416103945366, 0.006869852469673621], ""blue_button_pos"": [2.2404781443672958e-18, 0.4807745187377456, 0.48077451873774557, 0.0012777259170365482, 0.01343735599341341, 0.009876203509122538, 0.002561408531317292, 0.004428416103945366, 0.006869852469673621], ""red_button_state"": [0.5025125628140699, 0.4974874371859302], ""blue_button_state"": [1.0, 1.0101010101010082e-32]}","[0.0008009685663294274, 0.0008095468870757562, 0.000762916004538321, 0.009334367064566279, 0.0008271194285098673, 0.0005766954684741038, 0.0008253480921562573, 0.0008153637831196758, 0.0008065439488903978, 0.0010682074448182396, 0.0008743435768094386, 0.0006103783700203647, 0.000800923701196496, 0.0008095725271003606, 0.0007629644500407435, 0.009334437882557443, 0.0008271237022155601, 0.0005767011948526778, 0.12082944546786419, 0.013225007826698406, 0.010218668089498095, 0.11927911660424144, 0.5890732533339481, 0.09750846362344846, 0.0008010238289065631, 0.0008096102058120857, 0.0007630124671012017, 0.009334741671157974, 0.0008271669265025618, 0.0005767331856609279, 0.00031784871869927096, 0.00032594212533474244, 0.00031474477084705865, 0.0040437941716438275, 0.0003196216616974959, 0.00020828322766627285]","{""agent_pos"": [6.645401382243497e-19, 6.645401382243497e-19, 1.0, 6.645401382243497e-19, 6.645401382243497e-19, 6.645401382243497e-19, 6.645401382243497e-19, 6.645401382243497e-19, 6.645401382243497e-19], ""red_button_pos"": [1.2753800632588495e-19, 1.2753800632588495e-19, 1.0, 1.2753800632588495e-19, 1.2753800632588495e-19, 1.275380063258949e-19, 1.275380063258949e-19, 1.2753800632588495e-19, 1.2753800632588586e-19], ""blue_button_pos"": [0.0024905976024473665, 0.9825658167828684, 1.26420652077723e-19, 0.0024905976024473665, 0.0024905976024473665, 0.002490597602447464, 0.002490597602447464, 0.0024905976024473687, 0.0024905976024473687], ""red_button_state"": [5.3163211057948275e-18, 1.0], ""blue_button_state"": [1.0, 1.0101010101010082e-32]}","[0.021390740512253408, 0.018928340547866133, 0.024799737683656915, 0.021345693208782986, 0.02276029712068605, 0.01629274381326365, 0.019390720529054477, 0.016372419137598956, 0.017208132775600113, 0.016491303179907577, 0.01983590484579463, 0.012537678854334065, 0.026997458283598293, 0.02150653166908666, 0.02058047367408734, 0.024253147064445212, 0.34903317418133617, 0.020672680309761007, 0.021390740512253408, 0.018928340547866133, 0.024799737683656915, 0.021345693208782986, 0.02276029712068606, 0.01629274381326365, 0.021390740512253408, 0.018928340547866133, 0.024799737683656915, 0.021345693208782986, 0.02276029712068606, 0.01629274381326365, 0.01033332311401924, 0.008854781963243206, 0.01165710542719735, 0.010328896063521305, 0.010453499724585636, 0.0069401105433017215]"
0,2,10,4,PRESS,2,LEFT,.12|...|...,1,win,blue,1,"{""agent_pos"": [6.64575604824895e-19, 1.0, 6.650257736095459e-19, 6.64575604824895e-19, 6.654080994319525e-19, 6.662061604473459e-19, 6.64575604824895e-19, 6.654049231661616e-19, 6.662239907527523e-19], ""red_button_pos"": [0.0023883029195407236, 9.198407430632017e-17, 0.9106423356325748, 0.004802115781123421, 0.027773451870572702, 0.021045909168319894, 0.007227181723064659, 0.010754234615545857, 0.015366468289257917], ""blue_button_pos"": [2.6491489545996937e-19, 1.0, 1.0101010101010044e-16, 5.326594000009086e-19, 3.0806817002384917e-18, 2.3344504508069953e-18, 8.016521166435874e-19, 1.1928792263408502e-18, 1.7044765582837147e-18], ""red_button_state"": [1.0203040506070804e-16, 1.0], ""blue_button_state"": [1.0, 1.0101010101010082e-32]}","[0.0015625867159962865, 0.0016555724933997845, 0.0013151663702406977, 0.002384141107275885, 0.019549635428123838, 0.0011841431239160908, 0.001727066231120579, 0.001557714469419413, 0.0014851092855126366, 0.0016921070518628757, 0.0018695712982116294, 0.00134328853265142, 0.001202257182023678, 0.001274024689370199, 0.0011896805401241642, 0.0014849030316233364, 0.0012741247097618315, 0.0009074869131145256, 0.003893094275411043, 0.0025922103482928427, 0.002652818554391413, 0.0038942911720355323, 0.004135300854059964, 0.0030134864800114756, 0.1545323674894308, 0.16372821702399287, 0.1300636763100828, 0.2357801752469856, 0.12209451309803936, 0.11710610266414084, 0.000747411079811554, 0.0007742492902174854, 0.0006322652853576557, 0.0011647465233775363, 0.008036910354822733, 0.0004995847757896371]","{""agent_pos"": [1.0101010101009955e-16, 1.5353535353535076e-14, 0.999999999999984, 1.0101010101009955e-16, 1.0101010101009955e-16, 1.0101010101009955e-16, 1.0101010101009955e-16, 1.0101010101009955e-16, 1.0101010101009955e-16], ""red_button_pos"": [1.2753800632588495e-19, 1.2753800632588495e-19, 1.0, 1.2753800632588495e-19, 1.2753800632588495e-19, 1.2753800632588495e-19, 1.2753800632588495e-19, 1.2753800632588495e-19, 1.2753800632588495e-19], ""blue_button_pos"": [0.0037172249105580334, 0.9739794256260935, 1.264206520777232e-19, 0.0037172249105580334, 0.0037172249105580334, 0.0037172249105581288, 0.0037172249105581288, 0.0037172249105580334, 0.0037172249105580334], ""red_button_state"": [1.0101010101010082e-32, 1.0], ""blue_button_state"": [1.0, 1.0101010101010082e-32]}","[0.020212825093428553, 0.01807773934947243, 0.02453100280803868, 0.020165927214660276, 0.02150385166324129, 0.015383752053669209, 0.018548983952196143, 0.01582958156299827, 0.016639929180223327, 0.015944468493642734, 0.019415180309713093, 0.012122112062883173, 0.028187308650722314, 0.021676230692008445, 0.020745790743167847, 0.02418008590416127, 0.36957047280311656, 0.021617428593553763, 0.02021282509342339, 0.018077739349467707, 0.024531002808032613, 0.020165927214657313, 0.02150385166323558, 0.01538375205366481, 0.020212825093428588, 0.018077739349472443, 0.024531002808038712, 0.02016592721466032, 0.021503851663241327, 0.01538375205366923, 0.009750241004305002, 0.008450933429725943, 0.011542901654333982, 0.009745650520874057, 0.009863357487471563, 0.006544048407399913]"
